{"cameraMode":{"drawMode":0,"name":"Shaded","section":"Shading Mode"},"sceneLighting":false,"audioPlay":false,"sceneViewState":{"showFog":true,"showMaterialUpdate":false,"showSkybox":true,"showFlares":true,"showImageEffects":true,"showParticleSystems":true},"in2DMode":false,"pivot":{"x":-3.6244990825653078,"y":9.893062591552735,"z":-0.6155827641487122},"rotation":{"x":-0.11538022756576538,"y":0.054203566163778308,"z":-0.006307880859822035,"w":-0.9918332695960999},"size":15.845833778381348,"orthographic":false}